index,word
8995,Cascade Investment
8995, Investment
8996,Cascade Investment
8996, Investment
8997,Cascade Investment
8997, Investment
8998,Cascade Investment
8998, Investment
8999,Cascade Investment
8999, Investment
9000,Cascade Investment
9000, Investment
9001,Cascade Investment
9001, Investment
9002,Cascade Investment
9002, Investment
9003,Cascade Investment
9003, Investment
9004,Cascade Investment
9004, Investment
9005,Cascade Investment
9005, Investment
9006,Cascade Investment
9006, Investment
9007,Cascade Investment
9007, Investment
9008,Cascade Investment
9008, Investment
9009,Cascade Investment
9009, Investment
9010,Cascade Investment
9010, Investment
9628,The Antelope Valley Solar
9628, Solar
9629,The Antelope Valley Solar
9629, Solar
9630,The Antelope Valley Solar
9630, Solar
9631,The Antelope Valley Solar
9631, Solar
9632,The Antelope Valley Solar
9632, Solar
9633,The Antelope Valley Solar
9633, Solar
9634,The Antelope Valley Solar
9634, Solar
9635,The Antelope Valley Solar
9635, Solar
9636,The Antelope Valley Solar
9636, Solar
9637,The Antelope Valley Solar
9637, Solar
9638,The Antelope Valley Solar
9638, Solar
9639,The Antelope Valley Solar
9639, Solar
9640,The Antelope Valley Solar
9640, Solar
9641,The Antelope Valley Solar
9641, Solar
9642,The Antelope Valley Solar
9642, Solar
9643,The Antelope Valley Solar
9643, Solar
9644,The Antelope Valley Solar
9644, Solar
9645,The Antelope Valley Solar
9645, Solar
9646,The Antelope Valley Solar
9646, Solar
9647,The Antelope Valley Solar
9647, Solar
9648,The Antelope Valley Solar
9648, Solar
9649,The Antelope Valley Solar
9649, Solar
9650,The Antelope Valley Solar
9650, Solar
9651,The Antelope Valley Solar
9651, Solar
9652,The Antelope Valley Solar
9652, Solar
9653,The Antelope Valley Solar
9653, Solar
9654,The Antelope Valley Solar
9654, Solar
9655,The Antelope Valley Solar
9655, Solar
9656,The Antelope Valley Solar
9656, Solar
9657,The Antelope Valley Solar
9657, Solar
9658,The Antelope Valley Solar
9658, Solar
9659,The Antelope Valley Solar
9659, Solar
15040,Investment Adventures
15040, Adventures
15041,Investment Adventures
15041, Adventures
15042,Investment Adventures
15042, Adventures
15043,Investment Adventures
15043, Adventures
15044,Investment Adventures
15044, Adventures
15045,Investment Adventures
15045, Adventures
15046,Investment Adventures
15046, Adventures
15047,Investment Adventures
15047, Adventures
15048,Investment Adventures
15048, Adventures
15049,Investment Adventures
15049, Adventures
15050,Investment Adventures
15050, Adventures
15051,Investment Adventures
15051, Adventures
15052,Investment Adventures
15052, Adventures
15053,Investment Adventures
15053, Adventures
15054,Investment Adventures
15054, Adventures
15055,Investment Adventures
15055, Adventures
15056,Investment Adventures
15056, Adventures
15057,Investment Adventures
15057, Adventures
15058,Investment Adventures
15058, Adventures
15059,Investment Adventures
15059, Adventures
15060,Investment Adventures
15060, Adventures
15061,Investment Adventures
15061, Adventures
15062,Investment Adventures
15062, Adventures
15063,Investment Adventures
15063, Adventures
16345, LLC
16346, LLC
16347, LLC
16348, LLC
16349, LLC
16350, LLC
16351, LLC
16352, LLC
16353, LLC
16354, LLC
16355, LLC
16356, LLC
16357, LLC
16358, LLC
16359, LLC
16360, LLC
16361, LLC
16362, LLC
16363, LLC
16364, LLC
16365, LLC
16366, LLC
16367, LLC
16368, LLC
16369, LLC
16745,Carlyle Group
16745, Group
16746,Carlyle Group
16746, Group
16747,Carlyle Group
16747, Group
16748,Carlyle Group
16748, Group
16749,Carlyle Group
16749, Group
16750,Carlyle Group
16750, Group
16751,Carlyle Group
16751, Group
16752,Carlyle Group
16752, Group
16753,Carlyle Group
16753, Group
16754,Carlyle Group
16754, Group
16755,Carlyle Group
16755, Group
16756,Carlyle Group
16756, Group
16757,Carlyle Group
16757, Group
16758,Carlyle Group
16758, Group
16759,Carlyle Group
16759, Group
16760,Carlyle Group
16760, Group
16761,Carlyle Group
16761, Group
16762,Carlyle Group
16762, Group
16763,Carlyle Group
16763, Group
16764,Carlyle Group
16764, Group
17645,Warren E
17645, E
17646,Warren E
17646, E
17647,Warren E
17647, E
17648,Warren E
17648, E
17649,Warren E
17649, E
17650,Warren E
17650, E
17651,Warren E
17651, E
17652,Warren E
17652, E
17653,Warren E
17653, E
17654,Warren E
17654, E
17655,Warren E
17655, E
17656,Warren E
17656, E
17657,Warren E
17657, E
17752,Eurasia Group
17752, Group
17753,Eurasia Group
17753, Group
17754,Eurasia Group
17754, Group
17755,Eurasia Group
17755, Group
17756,Eurasia Group
17756, Group
17757,Eurasia Group
17757, Group
17758,Eurasia Group
17758, Group
17759,Eurasia Group
17759, Group
17760,Eurasia Group
17760, Group
17761,Eurasia Group
17761, Group
17762,Eurasia Group
17762, Group
17763,Eurasia Group
17763, Group
17764,Eurasia Group
17764, Group
17765,Eurasia Group
17765, Group
17766,Eurasia Group
17766, Group
17767,Eurasia Group
17767, Group
17768,Eurasia Group
17768, Group
17769,Eurasia Group
17769, Group
17770,Eurasia Group
17770, Group
17771,Eurasia Group
17771, Group
22559,From Bloomberg
22559, Bloomberg
22560,From Bloomberg
22560, Bloomberg
22561,From Bloomberg
22561, Bloomberg
22562,From Bloomberg
22562, Bloomberg
22563,From Bloomberg
22563, Bloomberg
22564,From Bloomberg
22564, Bloomberg
22565,From Bloomberg
22565, Bloomberg
22566,From Bloomberg
22566, Bloomberg
22567,From Bloomberg
22567, Bloomberg
22568,From Bloomberg
22568, Bloomberg
22569,From Bloomberg
22569, Bloomberg
22570,From Bloomberg
22570, Bloomberg
22571,From Bloomberg
22571, Bloomberg
22572,From Bloomberg
22572, Bloomberg
22573,From Bloomberg
22573, Bloomberg
22574,From Bloomberg
22574, Bloomberg
22575,From Bloomberg
22575, Bloomberg
22576,From Bloomberg
22576, Bloomberg
22577,From Bloomberg
22577, Bloomberg
22578,From Bloomberg
22578, Bloomberg
22579,From Bloomberg
22579, Bloomberg
22580,From Bloomberg
22580, Bloomberg
22581,From Bloomberg
22581, Bloomberg
22582,From Bloomberg
22582, Bloomberg
22583,From Bloomberg
22583, Bloomberg
22584,From Bloomberg
22584, Bloomberg
22585,From Bloomberg
22585, Bloomberg
22586,From Bloomberg
22586, Bloomberg
22587,From Bloomberg
22587, Bloomberg
22588,From Bloomberg
22588, Bloomberg
22589,From Bloomberg
22589, Bloomberg
22590,From Bloomberg
22590, Bloomberg
22591,From Bloomberg
22591, Bloomberg
22592,From Bloomberg
22592, Bloomberg
22593,From Bloomberg
22593, Bloomberg
22594,From Bloomberg
22594, Bloomberg
22595,From Bloomberg
22595, Bloomberg
22596,From Bloomberg
22596, Bloomberg
22597,From Bloomberg
22597, Bloomberg
22598,From Bloomberg
22598, Bloomberg
22599,From Bloomberg
22599, Bloomberg
22600,From Bloomberg
22600, Bloomberg
22601,From Bloomberg
22601, Bloomberg
22602,From Bloomberg
22602, Bloomberg
22603,From Bloomberg
22603, Bloomberg
22604,From Bloomberg
22604, Bloomberg
22605,From Bloomberg
22605, Bloomberg
22606,From Bloomberg
22606, Bloomberg
22607,From Bloomberg
22607, Bloomberg
22608,From Bloomberg
22608, Bloomberg
22609,From Bloomberg
22609, Bloomberg
22610,From Bloomberg
22610, Bloomberg
22611,From Bloomberg
22611, Bloomberg
22612,From Bloomberg
22612, Bloomberg
22613,From Bloomberg
22613, Bloomberg
22614,From Bloomberg
22614, Bloomberg
22615,From Bloomberg
22615, Bloomberg
22616,From Bloomberg
22616, Bloomberg
22617,From Bloomberg
22617, Bloomberg
22618,From Bloomberg
22618, Bloomberg
22619,From Bloomberg
22619, Bloomberg
22620,From Bloomberg
22620, Bloomberg
22621,From Bloomberg
22621, Bloomberg
22622,From Bloomberg
22622, Bloomberg
22623,From Bloomberg
22623, Bloomberg
22624,From Bloomberg
22624, Bloomberg
22625,From Bloomberg
22625, Bloomberg
22626,From Bloomberg
22626, Bloomberg
22627,From Bloomberg
22627, Bloomberg
22628,From Bloomberg
22628, Bloomberg
22629,From Bloomberg
22629, Bloomberg
22630,From Bloomberg
22630, Bloomberg
22631,From Bloomberg
22631, Bloomberg
22632,From Bloomberg
22632, Bloomberg
22633,From Bloomberg
22633, Bloomberg
22634,From Bloomberg
22634, Bloomberg
22635,From Bloomberg
22635, Bloomberg
22636,From Bloomberg
22636, Bloomberg
22758,DoubleLine Equity LP
22758, LP
22759,DoubleLine Equity LP
22759, LP
22760,DoubleLine Equity LP
22760, LP
22761,DoubleLine Equity LP
22761, LP
22762,DoubleLine Equity LP
22762, LP
22763,DoubleLine Equity LP
22763, LP
22764,DoubleLine Equity LP
22764, LP
22765,DoubleLine Equity LP
22765, LP
22766,DoubleLine Equity LP
22766, LP
22767,DoubleLine Equity LP
22767, LP
22768,DoubleLine Equity LP
22768, LP
22769,DoubleLine Equity LP
22769, LP
22770,DoubleLine Equity LP
22770, LP
22771,DoubleLine Equity LP
22771, LP
22772,DoubleLine Equity LP
22772, LP
22773,DoubleLine Equity LP
22773, LP
22774,DoubleLine Equity LP
22774, LP
22775,DoubleLine Equity LP
22775, LP
22776,DoubleLine Equity LP
22776, LP
22777,DoubleLine Equity LP
22777, LP
22778,DoubleLine Equity LP
22778, LP
22779,DoubleLine Equity LP
22779, LP
22780,DoubleLine Equity LP
22780, LP
22781,DoubleLine Equity LP
22781, LP
22782,DoubleLine Equity LP
22782, LP
22783,DoubleLine Equity LP
22783, LP
22784,DoubleLine Equity LP
22784, LP
23045, Director
23046, Director
23047, Director
23048, Director
23049, Director
23050, Director
23051, Director
23052, Director
23053, Director
23054, Director
23055, Director
23056, Director
23057, Director
23058, Director
23059, Director
23060, Director
23061, Director
23062, Director
23063, Director
23064, Director
23065, Director
23066, Director
23067, Director
23068, Director
23069, Director
23070, Director
23071, Director
23072, Director
23073, Director
23074, Director
23107, Director
23108, Director
23109, Director
23110, Director
23111, Director
23112, Director
23113, Director
23114, Director
23115, Director
23116, Director
23117, Director
23118, Director
23119, Director
23120, Director
23121, Director
23122, Director
23123, Director
23124, Director
23125, Director
23126, Director
23127, Director
23128, Director
23129, Director
23130, Director
23131, Director
23132, Director
23133, Director
23134, Director
23135, Director
23136, Director
23137, Director
23150,BloombergSean West
23150, West
23151,BloombergSean West
23151, West
23152,BloombergSean West
23152, West
23153,BloombergSean West
23153, West
23154,BloombergSean West
23154, West
23155,BloombergSean West
23155, West
23156,BloombergSean West
23156, West
23157,BloombergSean West
23157, West
23158,BloombergSean West
23158, West
23159,BloombergSean West
23159, West
23160,BloombergSean West
23160, West
23161,BloombergSean West
23161, West
23162,BloombergSean West
23162, West
23163,BloombergSean West
23163, West
23164,BloombergSean West
23164, West
23165,BloombergSean West
23165, West
23166,BloombergSean West
23166, West
23167,BloombergSean West
23167, West
23168,BloombergSean West
23168, West
23169,BloombergSean West
23169, West
23170,BloombergSean West
23170, West
23171,BloombergSean West
23171, West
24637,Fung Group
24637, Group
24638,Fung Group
24638, Group
24639,Fung Group
24639, Group
24640,Fung Group
24640, Group
24641,Fung Group
24641, Group
24642,Fung Group
24642, Group
24643,Fung Group
24643, Group
24644,Fung Group
24644, Group
24645,Fung Group
24645, Group
24646,Fung Group
24646, Group
24647,Fung Group
24647, Group
24648,Fung Group
24648, Group
24649,Fung Group
24649, Group
24650,Fung Group
24650, Group
24651,Fung Group
24651, Group
24652,Fung Group
24652, Group
24653,Fung Group
24653, Group
25254,China Inc
25254, Inc
25255,China Inc
25255, Inc
25256,China Inc
25256, Inc
25257,China Inc
25257, Inc
25258,China Inc
25258, Inc
25259,China Inc
25259, Inc
25260,China Inc
25260, Inc
25261,Japan Inc
25261, Inc
25262,Japan Inc
25262, Inc
25263,Japan Inc
25263, Inc
25264,Japan Inc
25264, Inc
25265,Japan Inc
25265, Inc
25266,Japan Inc
25266, Inc
25267,Japan Inc
25267, Inc
25268,Japan Inc
25268, Inc
25269,Japan Inc
25269, Inc
25270,Japan Inc
25270, Inc
25271,Japan Inc
25271, Inc
25471,Las Vegas Sands Corp
25471, Corp
25472,Las Vegas Sands Corp
25472, Corp
25473,Las Vegas Sands Corp
25473, Corp
25474,Las Vegas Sands Corp
25474, Corp
25475,Las Vegas Sands Corp
25475, Corp
25476,Las Vegas Sands Corp
25476, Corp
25477,Las Vegas Sands Corp
25477, Corp
25478,Las Vegas Sands Corp
25478, Corp
25479,Las Vegas Sands Corp
25479, Corp
25480,Las Vegas Sands Corp
25480, Corp
25481,Las Vegas Sands Corp
25481, Corp
25482,Las Vegas Sands Corp
25482, Corp
25483,Las Vegas Sands Corp
25483, Corp
25484,Las Vegas Sands Corp
25484, Corp
25485,Las Vegas Sands Corp
25485, Corp
25486,Las Vegas Sands Corp
25486, Corp
25487,Las Vegas Sands Corp
25487, Corp
25488,Las Vegas Sands Corp
25488, Corp
25489,Las Vegas Sands Corp
25489, Corp
25490,Las Vegas Sands Corp
25490, Corp
25491,Las Vegas Sands Corp
25491, Corp
25492,Las Vegas Sands Corp
25492, Corp
25493,Las Vegas Sands Corp
25493, Corp
25494,Las Vegas Sands Corp
25494, Corp
25618,Andrew Currie
25618, Currie
25619,Andrew Currie
25619, Currie
25620,Andrew Currie
25620, Currie
25621,Andrew Currie
25621, Currie
25622,Andrew Currie
25622, Currie
25623,Andrew Currie
25623, Currie
25624,Andrew Currie
25624, Currie
25625,Andrew Currie
25625, Currie
25626,Andrew Currie
25626, Currie
25627,Andrew Currie
25627, Currie
25628,Andrew Currie
25628, Currie
25629,Andrew Currie
25629, Currie
25630,Andrew Currie
25630, Currie
25631,Andrew Currie
25631, Currie
25632,Andrew Currie
25632, Currie
25633,Andrew Currie
25633, Currie
25634,Andrew Currie
25634, Currie
25635,Andrew Currie
25635, Currie
25636,Andrew Currie
25636, Currie
25637,Andrew Currie
25637, Currie
25638,Andrew Currie
25638, Currie
25639,Andrew Currie
25639, Currie
25640,Andrew Currie
25640, Currie
25641,Andrew Currie
25641, Currie
25642,Andrew Currie
25642, Currie
25643,Andrew Currie
25643, Currie
25644,Andrew Currie
25644, Currie
25645,Andrew Currie
25645, Currie
25666,GLOBE NEWSWIRE
25666, NEWSWIRE
25667,GLOBE NEWSWIRE
25667, NEWSWIRE
25668,GLOBE NEWSWIRE
25668, NEWSWIRE
25669,GLOBE NEWSWIRE
25669, NEWSWIRE
25670,GLOBE NEWSWIRE
25670, NEWSWIRE
25671,GLOBE NEWSWIRE
25671, NEWSWIRE
25672,GLOBE NEWSWIRE
25672, NEWSWIRE
25673,GLOBE NEWSWIRE
25673, NEWSWIRE
25674,GLOBE NEWSWIRE
25674, NEWSWIRE
25675,GLOBE NEWSWIRE
25675, NEWSWIRE
25676,GLOBE NEWSWIRE
25676, NEWSWIRE
25677,GLOBE NEWSWIRE
25677, NEWSWIRE
25678,GLOBE NEWSWIRE
25678, NEWSWIRE
25679,GLOBE NEWSWIRE
25679, NEWSWIRE
25680,GLOBE NEWSWIRE
25680, NEWSWIRE
25681,GLOBE NEWSWIRE
25681, NEWSWIRE
25682,GLOBE NEWSWIRE
25682, NEWSWIRE
25683,GLOBE NEWSWIRE
25683, NEWSWIRE
25684,GLOBE NEWSWIRE
25684, NEWSWIRE
25685,GLOBE NEWSWIRE
25685, NEWSWIRE
25686,GLOBE NEWSWIRE
25686, NEWSWIRE
25687,GLOBE NEWSWIRE
25687, NEWSWIRE
25688,GLOBE NEWSWIRE
25688, NEWSWIRE
25689,GLOBE NEWSWIRE
25689, NEWSWIRE
25690,GLOBE NEWSWIRE
25690, NEWSWIRE
25691,GLOBE NEWSWIRE
25691, NEWSWIRE
25692,GLOBE NEWSWIRE
25692, NEWSWIRE
25693,GLOBE NEWSWIRE
25693, NEWSWIRE
25694,GLOBE NEWSWIRE
25694, NEWSWIRE
25695,GLOBE NEWSWIRE
25695, NEWSWIRE
25696,GLOBE NEWSWIRE
25696, NEWSWIRE
25697,GLOBE NEWSWIRE
25697, NEWSWIRE
25698,GLOBE NEWSWIRE
25698, NEWSWIRE
25699,GLOBE NEWSWIRE
25699, NEWSWIRE
25700,GLOBE NEWSWIRE
25700, NEWSWIRE
25701,GLOBE NEWSWIRE
25701, NEWSWIRE
25702,GLOBE NEWSWIRE
25702, NEWSWIRE
25703,GLOBE NEWSWIRE
25703, NEWSWIRE
25704,GLOBE NEWSWIRE
25704, NEWSWIRE
25705,GLOBE NEWSWIRE
25705, NEWSWIRE
25706,GLOBE NEWSWIRE
25706, NEWSWIRE
25707,GLOBE NEWSWIRE
25707, NEWSWIRE
25708,GLOBE NEWSWIRE
25708, NEWSWIRE
25709,GLOBE NEWSWIRE
25709, NEWSWIRE
25710,GLOBE NEWSWIRE
25710, NEWSWIRE
25711,GLOBE NEWSWIRE
25711, NEWSWIRE
25712,GLOBE NEWSWIRE
25712, NEWSWIRE
25713,GLOBE NEWSWIRE
25713, NEWSWIRE
25714,GLOBE NEWSWIRE
25714, NEWSWIRE
25715,GLOBE NEWSWIRE
25715, NEWSWIRE
25716,GLOBE NEWSWIRE
25716, NEWSWIRE
25717,GLOBE NEWSWIRE
25717, NEWSWIRE
25718,GLOBE NEWSWIRE
25718, NEWSWIRE
25719,GLOBE NEWSWIRE
25719, NEWSWIRE
25720,GLOBE NEWSWIRE
25720, NEWSWIRE
25721,GLOBE NEWSWIRE
25721, NEWSWIRE
25722,GLOBE NEWSWIRE
25722, NEWSWIRE
25723,GLOBE NEWSWIRE
25723, NEWSWIRE
25724,GLOBE NEWSWIRE
25724, NEWSWIRE
25725,GLOBE NEWSWIRE
25725, NEWSWIRE
25726,GLOBE NEWSWIRE
25726, NEWSWIRE
25727,GLOBE NEWSWIRE
25727, NEWSWIRE
25728,GLOBE NEWSWIRE
25728, NEWSWIRE
25729,GLOBE NEWSWIRE
25729, NEWSWIRE
25730,GLOBE NEWSWIRE
25730, NEWSWIRE
25731,GLOBE NEWSWIRE
25731, NEWSWIRE
25732,GLOBE NEWSWIRE
25732, NEWSWIRE
25733,GLOBE NEWSWIRE
25733, NEWSWIRE
25734,GLOBE NEWSWIRE
25734, NEWSWIRE
25735,GLOBE NEWSWIRE
25735, NEWSWIRE
25736,GLOBE NEWSWIRE
25736, NEWSWIRE
25737,GLOBE NEWSWIRE
25737, NEWSWIRE
25738,GLOBE NEWSWIRE
25738, NEWSWIRE
25739,GLOBE NEWSWIRE
25739, NEWSWIRE
25740,GLOBE NEWSWIRE
25740, NEWSWIRE
25741,GLOBE NEWSWIRE
25741, NEWSWIRE
25742,GLOBE NEWSWIRE
25742, NEWSWIRE
25743,GLOBE NEWSWIRE
25743, NEWSWIRE
25744,GLOBE NEWSWIRE
25744, NEWSWIRE
25745,GLOBE NEWSWIRE
25745, NEWSWIRE
25855,United States
25855, States
25856,United States
25856, States
25857,United States
25857, States
25858,United States
25858, States
25859,United States
25859, States
25860,United States
25860, States
25861,United States
25861, States
25862,United States
25862, States
25863,United States
25863, States
25864,United States
25864, States
25865,United States
25865, States
25866,United States
25866, States
25867,United States
25867, States
25868,United States
25868, States
25869,United States
25869, States
25870,United States
25870, States
25871,United States
25871, States
25872,United States
25872, States
25873,United States
25873, States
25874,United States
25874, States
25875,United States
25875, States
25876,United States
25876, States
25877,United States
25877, States
25878,United States
25878, States
25879,United States
25879, States
25880,United States
25880, States
25881,United States
25881, States
25882,United States
25882, States
25883,United States
25883, States
25884,United States
25884, States
25885,United States
25885, States
25886,United States
25886, States
25887,United States
25887, States
25888,United States
25888, States
25889,United States
25889, States
25890,United States
25890, States
25891,United States
25891, States
25892,United States
25892, States
25893,United States
25893, States
25969,Avis Budget
25969, Budget
25970,Avis Budget
25970, Budget
25971,Avis Budget
25971, Budget
25972,Avis Budget
25972, Budget
25973,Avis Budget
25973, Budget
25974,Avis Budget
25974, Budget
25975,Avis Budget
25975, Budget
25976,Avis Budget
25976, Budget
25977,Avis Budget
25977, Budget
25978,Avis Budget
25978, Budget
25979,Avis Budget
25979, Budget
25980,Avis Budget
25980, Budget
25981,Avis Budget
25981, Budget
25982,Avis Budget
25982, Budget
25983,Avis Budget
25983, Budget
25984,Avis Budget
25984, Budget
25985,Avis Budget
25985, Budget
25986,Avis Budget
25986, Budget
25987,Avis Budget
25987, Budget
25988,Avis Budget
25988, Budget
25989,Avis Budget
25989, Budget
25990,Avis Budget
25990, Budget
25991,Avis Budget
25991, Budget
25992,Avis Budget
25992, Budget
25993,Avis Budget
25993, Budget
25994,Avis Budget
25994, Budget
25995,Avis Budget
25995, Budget
25996,Avis Budget
25996, Budget
25997,Avis Budget
25997, Budget
25998,Avis Budget
25998, Budget
25999,Avis Budget
25999, Budget
26069,Avis Budget Group
26069, Group
26070,Avis Budget Group
26070, Group
26071,Avis Budget Group
26071, Group
26072,Avis Budget Group
26072, Group
26073,Avis Budget Group
26073, Group
26074,Avis Budget Group
26074, Group
26075,Avis Budget Group
26075, Group
26076,Avis Budget Group
26076, Group
26077,Avis Budget Group
26077, Group
26078,Avis Budget Group
26078, Group
26079,Avis Budget Group
26079, Group
26080,Avis Budget Group
26080, Group
26081,Avis Budget Group
26081, Group
26082,Avis Budget Group
26082, Group
26083,Avis Budget Group
26083, Group
26084,Avis Budget Group
26084, Group
26085,Avis Budget Group
26085, Group
26086,Avis Budget Group
26086, Group
26087,Avis Budget Group
26087, Group
26088,Avis Budget Group
26088, Group
26089,Avis Budget Group
26089, Group
26090,Avis Budget Group
26090, Group
26154,Avis Budget Group
26154, Group
26155,Avis Budget Group
26155, Group
26156,Avis Budget Group
26156, Group
26157,Avis Budget Group
26157, Group
26158,Avis Budget Group
26158, Group
26159,Avis Budget Group
26159, Group
26160,Avis Budget Group
26160, Group
26161,Avis Budget Group
26161, Group
26162,Avis Budget Group
26162, Group
26163,Avis Budget Group
26163, Group
26164,Avis Budget Group
26164, Group
26165,Avis Budget Group
26165, Group
26166,Avis Budget Group
26166, Group
26167,Avis Budget Group
26167, Group
26168,Avis Budget Group
26168, Group
26169,Avis Budget Group
26169, Group
26170,Avis Budget Group
26170, Group
26171,Avis Budget Group
26171, Group
26172,Avis Budget Group
26172, Group
26173,Avis Budget Group
26173, Group
26174,Avis Budget Group
26174, Group
26175,Avis Budget Group
26175, Group
26176,Avis Budget Group
26176, Group
26177,Avis Budget Group
26177, Group
26178,Avis Budget Group
26178, Group
26179,Avis Budget Group
26179, Group
26180,Avis Budget Group
26180, Group
26228,Avis Budget Group
26228, Group
26229,Avis Budget Group
26229, Group
26230,Avis Budget Group
26230, Group
26231,Avis Budget Group
26231, Group
26232,Avis Budget Group
26232, Group
26233,Avis Budget Group
26233, Group
26234,Avis Budget Group
26234, Group
26235,Avis Budget Group
26235, Group
26236,Avis Budget Group
26236, Group
26237,Avis Budget Group
26237, Group
26238,Avis Budget Group
26238, Group
26239,Avis Budget Group
26239, Group
26240,Avis Budget Group
26240, Group
26241,Avis Budget Group
26241, Group
26242,Avis Budget Group
26242, Group
26243,Avis Budget Group
26243, Group
26244,Avis Budget Group
26244, Group
26245,Avis Budget Group
26245, Group
26275,Avis Budget Group
26275, Group
26276,Avis Budget Group
26276, Group
26277,Avis Budget Group
26277, Group
26278,Avis Budget Group
26278, Group
26279,Avis Budget Group
26279, Group
26280,Avis Budget Group
26280, Group
26281,Avis Budget Group
26281, Group
26282,Avis Budget Group
26282, Group
26283,Avis Budget Group
26283, Group
26284,Avis Budget Group
26284, Group
26285,Avis Budget Group
26285, Group
26286,Avis Budget Group
26286, Group
26287,Avis Budget Group
26287, Group
26288,Avis Budget Group
26288, Group
26289,Avis Budget Group
26289, Group
26290,Avis Budget Group
26290, Group
26291,Avis Budget Group
26291, Group
26292,Avis Budget Group
26292, Group
26293,Avis Budget Group
26293, Group
26294,Avis Budget Group
26294, Group
26295,Avis Budget Group
26295, Group
26296,Avis Budget Group
26296, Group
26297,Avis Budget Group
26297, Group
26298,Avis Budget Group
26298, Group
26299,Avis Budget Group
26299, Group
26300,Avis Budget Group
26300, Group
26301,Avis Budget Group
26301, Group
26302,Avis Budget Group
26302, Group
26303,Avis Budget Group
26303, Group
26304,Avis Budget Group
26304, Group
26305,Avis Budget Group
26305, Group
26306,Avis Budget Group
26306, Group
26307,Avis Budget Group
26307, Group
26308,Avis Budget Group
26308, Group
26309,Avis Budget Group
26309, Group
26310,Avis Budget Group
26310, Group
26311,Avis Budget Group
26311, Group
26312,Avis Budget Group
26312, Group
26313,Avis Budget Group
26313, Group
26314,Avis Budget Group
26314, Group
26315,Avis Budget Group
26315, Group
26316,Avis Budget Group
26316, Group
26317,Avis Budget Group
26317, Group
26318,Avis Budget Group
26318, Group
26319,Avis Budget Group
26319, Group
26320,Avis Budget Group
26320, Group
26321,Avis Budget Group
26321, Group
26322,Avis Budget Group
26322, Group
26323,Avis Budget Group
26323, Group
26324,Avis Budget Group
26324, Group
26325,Ellis LLP
26325, LLP
26326,Ellis LLP
26326, LLP
26327,Ellis LLP
26327, LLP
26328,Ellis LLP
26328, LLP
26329,Ellis LLP
26329, LLP
26330,Ellis LLP
26330, LLP
26331,Ellis LLP
26331, LLP
26332,Ellis LLP
26332, LLP
26333,Ellis LLP
26333, LLP
26334,Ellis LLP
26334, LLP
26335,Ellis LLP
26335, LLP
26336,Ellis LLP
26336, LLP
26337,Ellis LLP
26337, LLP
26338,Ellis LLP
26338, LLP
26339,Ellis LLP
26339, LLP
26340,Ellis LLP
26340, LLP
26341,Ellis LLP
26341, LLP
26342,Ellis LLP
26342, LLP
26343,Ellis LLP
26343, LLP
26362,Avis Budget Group
26362, Group
26363,Avis Budget Group
26363, Group
26364,Avis Budget Group
26364, Group
26365,Avis Budget Group
26365, Group
26366,Avis Budget Group
26366, Group
26367,Avis Budget Group
26367, Group
26368,Avis Budget Group
26368, Group
26369,Avis Budget Group
26369, Group
26370,Avis Budget Group
26370, Group
26371,Avis Budget Group
26371, Group
26372,Avis Budget Group
26372, Group
26373,Avis Budget Group
26373, Group
26374,Avis Budget Group
26374, Group